osm_id,fclass,length_m,bridge,tunnel,distance_to_water,erosion_risk,predicted_risk
4225610,tertiary,184.543,F,F,100,Low,Low
4228578,unclassified,49.111,F,F,100,Low,Low
4265222,tertiary,16.262,F,F,100,Low,Low
4621436,pedestrian,49.434,F,F,100,Low,Low
4621438,living_street,102.544,F,F,100,Low,Low
4621445,cycleway,22.885,F,F,100,Low,Low
4621446,residential,67.136,F,F,100,Low,Low
4642792,residential,126.216,F,F,100,Low,Low
9824079,pedestrian,131.975,F,F,100,Low,Low
12497357,unclassified,35.222,T,F,100,Low,Low
12497441,unclassified,91.313,F,F,100,Low,Low
20673082,steps,21.085,F,F,100,Low,Low
23040160,footway,7.916,F,F,100,Low,Low
23040161,footway,68.304,F,F,100,Low,Low
23058276,pedestrian,32.98,F,T,100,Low,Low
23058277,living_street,113.961,F,F,100,Low,Low
23058283,tertiary,3.857,F,F,100,Low,Low
23075986,service,66.11,F,F,100,Low,Low
23076092,service,39.057,F,F,100,Low,Low
23130368,residential,71.858,F,F,100,Low,Low
23130419,steps,4.433,F,F,100,Low,Low
23399918,residential,37.571,F,F,100,Low,Low
23399919,residential,59.162,F,F,100,Low,Low
23399920,living_street,59.391,F,F,100,Low,Low
23399921,residential,157.904,F,F,100,Low,Low
24966631,footway,3.261,F,F,100,Low,Low
24966669,footway,10.798,F,F,100,Low,Low
25148807,residential,83.671,F,F,100,Low,Low
25484519,service,72.288,F,F,100,Low,Low
25484529,unclassified,64.486,F,F,100,Low,Low
25672110,living_street,73.632,F,F,100,Low,Low
28092852,residential,101.628,F,F,100,Low,Low
28099012,unclassified,117.147,F,F,100,Low,Low
28250991,footway,13.239,F,F,100,Low,Low
28425009,tertiary,90.894,F,F,100,Low,Low
28425010,tertiary,69.181,F,F,100,Low,Low
28797808,service,238.91,F,T,100,Low,Low
28797809,service,47.34,F,F,100,Low,Low
28797810,service,36.795,F,F,100,Low,Low
30030583,footway,15.551,F,F,100,Low,Low
30030584,footway,79.293,F,F,100,Low,Low
30030585,footway,45.863,F,F,100,Low,Low
30030586,footway,78.058,F,F,100,Low,Low
30030587,footway,117.805,F,F,100,Low,Low
30030588,footway,47.679,F,F,100,Low,Low
30030589,steps,2.26,F,F,100,Low,Low
30129246,unclassified,29.906,F,F,100,Low,Low
30295682,footway,36.164,F,F,100,Low,Low
30295683,footway,7.858,F,F,100,Low,Low
30295685,footway,36.475,F,F,100,Low,Low
30295688,footway,17.101,F,F,100,Low,Low
30295690,footway,66.659,F,F,100,Low,Low
30295693,footway,31.655,F,F,100,Low,Low
30295694,footway,12.292,F,F,100,Low,Low
30295698,footway,33.056,F,F,100,Low,Low
30295700,footway,8.637,F,F,100,Low,Low
30295701,footway,7.101,F,F,100,Low,Low
30295715,footway,10.493,F,F,100,Low,Low
30295741,footway,48.968,F,F,100,Low,Low
30295742,steps,22.767,F,F,100,Low,Low
31016913,pedestrian,70.079,F,F,100,Low,Low
33055957,service,124.607,F,T,100,Low,Low
33055960,service,145.105,F,T,100,Low,Low
33055962,service,147.534,F,T,100,Low,Low
33055967,pedestrian,232.02,F,T,100,Low,Low
33055970,steps,7.463,F,F,100,Low,Low
33071855,service,10.991,F,F,100,Low,Low
33080163,residential,69.829,F,F,100,Low,Low
33778552,residential,62.564,F,F,100,Low,Low
41250722,service,26.404,F,F,100,Low,Low
41250723,service,38.209,F,F,100,Low,Low
41250724,service,154.821,F,T,100,Low,Low
43976553,footway,35.461,F,F,100,Low,Low
43976554,footway,90.842,F,F,100,Low,Low
61320006,tertiary,125.904,F,F,100,Low,Low
76631866,footway,11.151,F,F,100,Low,Low
76631938,footway,32.054,F,F,100,Low,Low
76631942,footway,64.402,F,F,100,Low,Low
76632010,footway,15.549,F,F,100,Low,Low
99478115,tertiary,317.927,F,F,100,Low,Low
102714703,steps,4.03,F,F,100,Low,Low
102714728,footway,31.528,F,F,100,Low,Low
102714732,footway,27.369,F,F,100,Low,Low
107101642,footway,12.119,F,F,100,Low,Low
141637245,footway,80.227,F,F,100,Low,Low
141637247,footway,0.798,F,F,100,Low,Low
141637250,footway,11.187,F,F,100,Low,Low
141637254,footway,39.36,F,F,100,Low,Low
146325602,footway,11.067,F,F,100,Low,Low
148689433,footway,15.391,F,F,100,Low,Low
150792360,living_street,60.721,F,F,100,Low,Low
150836794,pedestrian,165.3,F,F,100,Low,Low
161571144,residential,126.957,F,F,100,Low,Low
161571150,tertiary,39.407,F,F,100,Low,Low
163206106,pedestrian,65.099,F,F,100,Low,Low
163355340,footway,20.788,F,T,100,Low,Low
163355341,footway,15.522,F,T,100,Low,Low
163355343,footway,24.521,F,F,100,Low,Low
163355344,footway,15.518,F,T,100,Low,Low
163355345,footway,3.454,F,F,100,Low,Low
163355346,pedestrian,77.764,F,F,100,Low,Low
163484825,living_street,39.807,F,F,100,Low,Low
175725505,service,93.684,F,F,100,Low,Low
175832929,living_street,54.635,F,F,100,Low,Low
175926246,living_street,69.504,F,F,100,Low,Low
175926247,living_street,52.057,F,F,100,Low,Low
175926252,service,96.673,F,F,100,Low,Low
176192997,living_street,109.837,F,F,100,Low,Low
176194116,pedestrian,38.652,F,F,100,Low,Low
192288898,footway,31.037,T,F,100,Low,Low
192288900,footway,25.069,F,F,100,Low,Low
192289620,pedestrian,3.549,F,F,100,Low,Low
192292234,footway,108.283,F,F,100,Low,Low
192292241,steps,7.99,F,F,100,Low,Low
192338703,residential,40.103,F,F,100,Low,Low
192338747,footway,86.484,F,F,100,Low,Low
192358080,footway,6.251,F,F,100,Low,Low
192410250,footway,3.129,F,F,100,Low,Low
192410252,steps,6.236,F,F,100,Low,Low
192452923,pedestrian,152.482,F,F,100,Low,Low
192455224,footway,7.89,F,F,100,Low,Low
192464452,footway,6.368,F,F,100,Low,Low
192488012,service,53.736,F,F,100,Low,Low
192499849,steps,12.204,F,F,100,Low,Low
192547508,unclassified,21.014,F,F,100,Low,Low
192745242,footway,59.613,F,F,100,Low,Low
192745252,footway,7.799,F,F,100,Low,Low
195540508,steps,4.004,F,F,100,Low,Low
195694256,pedestrian,27.848,F,F,100,Low,Low
203880311,unclassified,29.228,F,F,100,Low,Low
203880312,unclassified,11.782,F,F,100,Low,Low
203880313,unclassified,19.32,F,F,100,Low,Low
204095692,service,51.843,F,F,100,Low,Low
204097745,unclassified,28.358,F,F,100,Low,Low
205990282,service,17.079,F,T,100,Low,Low
205990283,service,17.974,F,T,100,Low,Low
209763090,pedestrian,378.065,F,F,100,Low,Low
209818923,footway,31.197,F,F,100,Low,Low
211509765,footway,19.795,F,F,100,Low,Low
212676028,pedestrian,111.466,F,F,100,Low,Low
216071215,tertiary,109.232,F,F,100,Low,Low
217488494,footway,1.946,F,F,100,Low,Low
217488495,footway,2.76,F,F,100,Low,Low
217488497,footway,2.081,F,F,100,Low,Low
219721707,residential,103.791,F,F,100,Low,Low
221019070,footway,3.314,F,F,100,Low,Low
227654509,footway,20.174,F,F,100,Low,Low
227654510,service,75.319,F,F,100,Low,Low
237502198,pedestrian,20.211,F,F,100,Low,Low
237502199,unclassified,15.441,F,F,100,Low,Low
237502200,cycleway,17.348,F,F,100,Low,Low
237502201,pedestrian,25.804,F,F,100,Low,Low
241233998,pedestrian,25.938,F,F,100,Low,Low
241234015,footway,114.669,F,F,100,Low,Low
241234028,cycleway,6.828,F,F,100,Low,Low
241234030,footway,10.869,F,F,100,Low,Low
241679009,footway,223.895,F,F,100,Low,Low
241679011,footway,2.417,F,F,100,Low,Low
241679013,footway,10.342,F,F,100,Low,Low
241679015,footway,2.551,F,F,100,Low,Low
241679019,steps,1.367,F,F,100,Low,Low
241679029,footway,11.514,F,F,100,Low,Low
241679031,footway,9.218,F,F,100,Low,Low
242111021,steps,2.765,F,F,100,Low,Low
242111023,footway,1.821,F,F,100,Low,Low
242302225,path,91.203,F,F,100,Low,Low
242407582,footway,133.327,F,F,100,Low,Low
242410398,service,49.605,F,F,100,Low,Low
242410403,service,2.427,F,F,100,Low,Low
242410404,service,18.867,F,F,100,Low,Low
242410405,service,2.54,F,F,100,Low,Low
242410407,service,22.653,F,F,100,Low,Low
242410408,service,2.545,F,F,100,Low,Low
242410409,service,14.655,F,F,100,Low,Low
242410416,service,35.392,F,F,100,Low,Low
242410418,service,29.083,F,F,100,Low,Low
242410847,service,134.509,F,F,100,Low,Low
242412287,footway,18.442,F,F,100,Low,Low
242412288,footway,2.493,F,F,100,Low,Low
242412289,footway,1.75,F,F,100,Low,Low
242412290,footway,11.409,F,F,100,Low,Low
242412291,steps,1.851,F,F,100,Low,Low
242419019,footway,0.81,F,F,100,Low,Low
242419021,footway,1.554,F,F,100,Low,Low
242419022,steps,2.932,F,F,100,Low,Low
242419023,footway,51.181,F,F,100,Low,Low
242420719,footway,5.112,F,F,100,Low,Low
242420720,steps,11.948,F,F,100,Low,Low
242420725,footway,5.5,F,F,100,Low,Low
242420727,footway,70.393,F,F,100,Low,Low
242420730,footway,2.339,F,F,100,Low,Low
242421126,footway,25.284,F,F,100,Low,Low
242421130,footway,19.793,F,F,100,Low,Low
242421131,footway,27.144,F,F,100,Low,Low
242422331,pedestrian,95.282,F,F,100,Low,Low
242422332,footway,23.714,F,F,100,Low,Low
242423589,footway,10.166,F,F,100,Low,Low
242423590,footway,289.594,F,F,100,Low,Low
242425535,steps,2.071,F,F,100,Low,Low
242425537,steps,2.539,F,F,100,Low,Low
242425539,steps,12.137,F,F,100,Low,Low
242541691,footway,180.918,F,F,100,Low,Low
242546218,footway,3.687,F,F,100,Low,Low
242546222,footway,4.973,F,F,100,Low,Low
242546223,footway,5.3,F,F,100,Low,Low
242546224,steps,6.863,F,F,100,Low,Low
242546225,footway,2.316,F,F,100,Low,Low
242546227,footway,2.255,F,F,100,Low,Low
242546228,footway,6.248,F,F,100,Low,Low
242546229,steps,30.242,F,F,100,Low,Low
242546230,steps,1.753,F,F,100,Low,Low
242546231,steps,8.425,F,F,100,Low,Low
242551853,footway,78.748,F,F,100,Low,Low
242551855,footway,117.535,F,F,100,Low,Low
242717937,footway,57.331,F,F,100,Low,Low
242717939,footway,22.595,F,T,100,Low,Low
242717940,footway,9.036,F,F,100,Low,Low
242806994,steps,10.177,F,F,100,Low,Low
242806995,steps,9.429,F,F,100,Low,Low
243012348,footway,3.292,F,T,100,Low,Low
243012349,steps,5.646,F,T,100,Low,Low
243012350,steps,4.866,F,T,100,Low,Low
243012351,footway,3.901,F,T,100,Low,Low
243012352,steps,5.769,F,T,100,Low,Low
243012353,steps,4.763,F,T,100,Low,Low
243012653,footway,3.654,F,F,100,Low,Low
243012654,footway,2.142,F,F,100,Low,Low
243012658,footway,34.12,F,F,100,Low,Low
243012660,steps,1.25,F,F,100,Low,Low
243012661,steps,6.227,F,F,100,Low,Low
243012662,steps,6.84,F,F,100,Low,Low
243013259,footway,2.191,F,F,100,Low,Low
243013260,footway,33.476,F,F,100,Low,Low
243013261,footway,3.684,F,F,100,Low,Low
243013262,steps,6.493,F,F,100,Low,Low
243013263,footway,1.797,F,F,100,Low,Low
243013264,footway,1.82,F,F,100,Low,Low
243013269,steps,0.954,F,F,100,Low,Low
243013270,footway,2.728,F,F,100,Low,Low
243013272,steps,5.9,F,F,100,Low,Low
243013879,footway,89.841,F,F,100,Low,Low
243013880,footway,81.215,F,F,100,Low,Low
243013881,footway,81.452,F,F,100,Low,Low
243013995,footway,98.434,F,F,100,Low,Low
243013996,footway,13.446,F,F,100,Low,Low
243014093,footway,32.602,F,F,100,Low,Low
243014095,footway,34.596,F,F,100,Low,Low
243014714,footway,2.515,F,F,100,Low,Low
243014715,footway,1.909,F,F,100,Low,Low
243014716,footway,3.666,F,F,100,Low,Low
243014718,footway,1.97,F,F,100,Low,Low
243014719,steps,6.493,F,F,100,Low,Low
243014720,steps,7.149,F,F,100,Low,Low
243014725,steps,1.507,F,F,100,Low,Low
243014726,steps,6.297,F,F,100,Low,Low
243014727,footway,3.342,F,F,100,Low,Low
243014729,steps,6.185,F,F,100,Low,Low
243014730,footway,2.568,F,F,100,Low,Low
243014731,steps,1.619,F,F,100,Low,Low
243014733,footway,1.907,F,F,100,Low,Low
243014734,footway,1.939,F,F,100,Low,Low
243082149,footway,29.778,F,T,100,Low,Low
243098994,service,45.902,F,F,100,Low,Low
243100355,footway,3.954,F,F,100,Low,Low
243100358,footway,193.564,F,F,100,Low,Low
243100363,footway,14.143,F,F,100,Low,Low
243100365,steps,4.263,F,F,100,Low,Low
243100366,steps,3.274,F,F,100,Low,Low
243102125,footway,51.223,F,F,100,Low,Low
243116002,footway,37.62,F,F,100,Low,Low
243116003,footway,18.139,F,F,100,Low,Low
243116004,footway,26.327,F,F,100,Low,Low
243685753,pedestrian,70.953,F,F,100,Low,Low
244232357,service,10.35,F,F,100,Low,Low
244326503,living_street,24.199,F,F,100,Low,Low
244326505,pedestrian,114.001,F,F,100,Low,Low
247571347,pedestrian,418.49,F,F,100,Low,Low
248200563,living_street,35.597,F,F,100,Low,Low
248200569,footway,58.031,F,F,100,Low,Low
248200570,footway,2.595,F,F,100,Low,Low
248200572,service,7.808,F,F,100,Low,Low
248200574,living_street,7.868,F,F,100,Low,Low
248803489,service,12.439,F,F,100,Low,Low
249164075,steps,16.315,F,F,100,Low,Low
249164076,footway,46.693,F,F,100,Low,Low
249215725,footway,24.885,F,F,100,Low,Low
249321467,service,16.556,F,F,100,Low,Low
249577972,pedestrian,15.905,F,T,100,Low,Low
249577973,pedestrian,104.763,F,F,100,Low,Low
249577974,pedestrian,5.019,F,F,100,Low,Low
249577975,pedestrian,11.5,F,T,100,Low,Low
249577976,pedestrian,9.198,F,F,100,Low,Low
249577978,pedestrian,6.475,F,T,100,Low,Low
249577980,service,8.652,F,F,100,Low,Low
249577981,service,4.736,F,F,100,Low,Low
249577982,pedestrian,35.134,F,F,100,Low,Low
249577984,service,5.973,F,T,100,Low,Low
249694305,footway,5.777,F,F,100,Low,Low
249694306,service,11.026,F,F,100,Low,Low
249694307,steps,3.682,F,F,100,Low,Low
249694308,footway,51.258,F,F,100,Low,Low
249694309,footway,2.455,F,F,100,Low,Low
249694310,footway,15.522,F,T,100,Low,Low
249728412,footway,8.361,F,F,100,Low,Low
249728413,steps,1.372,F,F,100,Low,Low
249759889,service,15.973,F,T,100,Low,Low
249771003,pedestrian,51.267,F,F,100,Low,Low
249771005,pedestrian,23.501,F,F,100,Low,Low
249781384,footway,2.585,F,F,100,Low,Low
249929820,service,185.873,F,F,100,Low,Low
250181750,steps,2.806,F,F,100,Low,Low
250181751,steps,6.143,F,F,100,Low,Low
250181752,steps,2.852,F,F,100,Low,Low
250181753,steps,5.879,F,F,100,Low,Low
250181754,footway,5.233,F,F,100,Low,Low
250181755,steps,5.849,F,F,100,Low,Low
250181756,steps,5.999,F,F,100,Low,Low
250494376,pedestrian,123.541,F,F,100,Low,Low
250494377,footway,107.653,F,F,100,Low,Low
250494383,footway,29.64,F,F,100,Low,Low
250494385,footway,198.31,F,F,100,Low,Low
250494387,footway,121.335,F,F,100,Low,Low
250507826,footway,26.912,F,F,100,Low,Low
250507828,footway,52.952,F,F,100,Low,Low
250507831,service,3.836,F,F,100,Low,Low
250929451,secondary,24.301,F,F,100,Low,Low
250929454,secondary,97.064,F,F,100,Low,Low
250929455,cycleway,7.054,F,F,100,Low,Low
252945090,living_street,46.981,F,F,100,Low,Low
252945093,footway,142.797,F,F,100,Low,Low
254342053,service,273.504,F,F,100,Low,Low
255389674,footway,34.008,F,F,100,Low,Low
255389677,footway,5.134,F,F,100,Low,Low
255389678,footway,5.628,F,F,100,Low,Low
273025408,footway,18.002,F,T,100,Low,Low
273094158,footway,222.019,F,F,100,Low,Low
282095930,service,10.538,F,F,100,Low,Low
282095931,service,10.424,F,F,100,Low,Low
282095932,service,49.43,F,F,100,Low,Low
284391833,footway,6.998,F,F,100,Low,Low
305240919,footway,44.558,F,F,100,Low,Low
305240920,footway,52.325,F,F,100,Low,Low
305240921,footway,4.912,F,F,100,Low,Low
305240922,footway,241.304,F,F,100,Low,Low
317260530,unclassified,59.314,F,F,100,Low,Low
317260531,unclassified,13.07,F,F,100,Low,Low
317260532,unclassified,15.617,F,F,100,Low,Low
317586724,footway,20.56,F,F,100,Low,Low
317688361,footway,18.303,F,F,100,Low,Low
317854421,pedestrian,83.816,F,F,100,Low,Low
317854425,pedestrian,60.108,F,F,100,Low,Low
317854875,pedestrian,12.482,F,F,100,Low,Low
317854876,pedestrian,29.012,F,F,100,Low,Low
317854877,footway,557.735,F,F,100,Low,Low
319844377,pedestrian,39.428,F,F,100,Low,Low
324758225,service,77.773,F,F,100,Low,Low
324758227,service,29.714,F,F,100,Low,Low
324762904,tertiary,4.553,F,F,100,Low,Low
325004710,service,35.167,F,F,100,Low,Low
340287236,footway,102.689,F,F,100,Low,Low
343877456,footway,42.002,F,F,100,Low,Low
344059671,footway,19.591,F,F,100,Low,Low
344294850,footway,62.764,F,F,100,Low,Low
344294854,tertiary,28.971,F,F,100,Low,Low
344470147,footway,19.327,F,F,100,Low,Low
344478728,residential,123.453,F,F,100,Low,Low
348015226,unclassified,13.566,F,F,100,Low,Low
348015227,footway,7.054,F,F,100,Low,Low
350179564,pedestrian,110.092,F,F,100,Low,Low
350179565,pedestrian,29.096,F,F,100,Low,Low
350179674,pedestrian,8.803,F,F,100,Low,Low
350180120,footway,7.389,F,F,100,Low,Low
350180121,pedestrian,87.169,F,F,100,Low,Low
350180255,pedestrian,32.1,F,F,100,Low,Low
352633789,steps,7.463,F,F,100,Low,Low
352633796,footway,5.66,F,F,100,Low,Low
352633799,footway,5.137,F,F,100,Low,Low
352860506,footway,61.367,F,T,100,Low,Low
352860507,footway,6.832,F,T,100,Low,Low
355184507,footway,19.571,F,F,100,Low,Low
363907551,pedestrian,63.989,F,F,100,Low,Low
369367671,pedestrian,29.363,F,F,100,Low,Low
369367672,pedestrian,26.7,F,F,100,Low,Low
374096749,unclassified,11.252,F,F,100,Low,Low
374096758,footway,119.486,F,F,100,Low,Low
376143081,unclassified,21.174,F,F,100,Low,Low
376143083,unclassified,28.7,F,F,100,Low,Low
376145739,unclassified,8.634,F,F,100,Low,Low
376145744,steps,2.077,F,F,100,Low,Low
376145747,footway,13.1,F,F,100,Low,Low
376145750,footway,19.74,F,F,100,Low,Low
384248387,tertiary,62.284,F,F,100,Low,Low
387067012,footway,247.066,F,F,100,Low,Low
390876759,living_street,59.706,F,F,100,Low,Low
392008453,footway,5.727,F,F,100,Low,Low
392008455,footway,50.974,F,T,100,Low,Low
392008465,footway,15.404,F,F,100,Low,Low
392008466,pedestrian,5.171,F,F,100,Low,Low
392012093,footway,2.532,F,F,100,Low,Low
392012094,footway,12.099,F,T,100,Low,Low
392012095,service,58.704,F,F,100,Low,Low
392989391,pedestrian,22.677,F,F,100,Low,Low
392989392,pedestrian,33.191,F,F,100,Low,Low
392989396,service,6.312,F,F,100,Low,Low
392989398,service,14.557,F,T,100,Low,Low
392989400,service,29.062,F,F,100,Low,Low
392989406,footway,81.605,F,F,100,Low,Low
403026141,residential,70.318,F,F,100,Low,Low
413178527,tertiary,108.514,F,F,100,Low,Low
419006566,secondary,55.564,F,F,100,Low,Low
458112226,footway,15.181,F,F,100,Low,Low
458322913,footway,1.683,F,F,100,Low,Low
555938162,unclassified,24.619,F,F,100,Low,Low
600853190,path,8.989,F,F,100,Low,Low
600853191,footway,9.123,F,F,100,Low,Low
600853192,steps,1.358,F,F,100,Low,Low
600853193,unclassified,156.443,F,F,100,Low,Low
647434670,residential,44.93,F,F,100,Low,Low
667639482,footway,12.893,F,F,100,Low,Low
667639489,pedestrian,10.676,F,F,100,Low,Low
667639491,service,1.36,F,F,100,Low,Low
667639493,pedestrian,6.72,F,F,100,Low,Low
667639494,footway,12.267,F,F,100,Low,Low
667639496,footway,3.988,F,F,100,Low,Low
668821949,service,7.9,F,F,100,Low,Low
671299011,service,30.644,F,F,100,Low,Low
671299015,footway,63.433,F,F,100,Low,Low
671299018,service,128.925,F,F,100,Low,Low
683443065,footway,110.034,F,F,100,Low,Low
683443083,pedestrian,7.747,F,F,100,Low,Low
683443084,pedestrian,17.901,F,F,100,Low,Low
683443085,pedestrian,47.566,F,F,100,Low,Low
683443086,pedestrian,33.261,F,F,100,Low,Low
683443087,unclassified,9.427,F,F,100,Low,Low
683443088,pedestrian,47.79,F,F,100,Low,Low
683443091,pedestrian,37.353,F,F,100,Low,Low
683443092,pedestrian,62.786,F,F,100,Low,Low
683528159,residential,38.389,F,F,100,Low,Low
683659073,living_street,46.316,F,F,100,Low,Low
683659074,residential,14.238,F,F,100,Low,Low
683659075,footway,29.983,F,F,100,Low,Low
683659076,footway,28.976,F,F,100,Low,Low
683659080,footway,19.492,F,F,100,Low,Low
683659081,footway,8.373,F,F,100,Low,Low
683659082,pedestrian,10.314,F,F,100,Low,Low
683702212,service,77.022,F,F,100,Low,Low
683702213,unclassified,66.621,F,F,100,Low,Low
683786979,path,355.726,F,F,100,Low,Low
684023302,living_street,50.412,F,F,100,Low,Low
684517507,residential,9.627,F,F,100,Low,Low
724630331,footway,38.741,F,F,100,Low,Low
724630332,footway,46.111,F,F,100,Low,Low
724630333,footway,172.296,F,F,100,Low,Low
724630334,footway,124.083,F,F,100,Low,Low
731900239,footway,21.159,F,F,100,Low,Low
731900247,footway,18.38,F,F,100,Low,Low
734714112,pedestrian,5.352,F,F,100,Low,Low
734714113,pedestrian,4.109,F,F,100,Low,Low
738495781,residential,17.991,F,F,100,Low,Low
744364403,pedestrian,4.417,F,F,100,Low,Low
744364405,pedestrian,24.985,F,F,100,Low,Low
744364406,footway,10.715,F,F,100,Low,Low
744364407,footway,7.986,F,F,100,Low,Low
744364408,pedestrian,28.803,F,F,100,Low,Low
744364409,pedestrian,27.138,F,F,100,Low,Low
744364410,footway,5.466,F,F,100,Low,Low
744364411,footway,5.973,F,F,100,Low,Low
753258736,pedestrian,49.911,F,F,100,Low,Low
753260990,pedestrian,31.749,F,F,100,Low,Low
759425299,secondary,18.602,F,F,100,Low,Low
759425300,secondary,16.877,F,F,100,Low,Low
759593816,tertiary,150.631,F,F,100,Low,Low
761695071,footway,20.203,F,F,100,Low,Low
761695072,service,12.938,F,T,100,Low,Low
761695073,service,6.686,F,F,100,Low,Low
762882083,footway,10.863,F,F,100,Low,Low
769260866,tertiary,51.422,F,F,100,Low,Low
769260867,tertiary,166.711,F,F,100,Low,Low
769438978,footway,10.469,F,F,100,Low,Low
769451717,tertiary,43.102,F,F,100,Low,Low
769451718,tertiary,39.942,F,F,100,Low,Low
769451719,tertiary,15.093,F,F,100,Low,Low
769451720,tertiary,57.589,F,F,100,Low,Low
769451721,tertiary,158.819,F,F,100,Low,Low
769451722,footway,8.562,F,F,100,Low,Low
769639064,pedestrian,3.198,F,F,100,Low,Low
769639065,pedestrian,18.99,F,F,100,Low,Low
770029588,residential,83.693,F,F,100,Low,Low
770029589,footway,98.719,F,F,100,Low,Low
770029590,footway,456.794,F,F,100,Low,Low
770029593,secondary,129.558,F,F,100,Low,Low
776209299,tertiary,3.877,F,F,100,Low,Low
776209300,tertiary,4.514,F,F,100,Low,Low
784844473,footway,21.02,F,F,100,Low,Low
784853276,living_street,7.297,F,F,100,Low,Low
842935793,service,5.484,F,F,100,Low,Low
972460258,pedestrian,277.858,F,F,100,Low,Low
972460261,footway,1.519,F,F,100,Low,Low
972460262,footway,2.712,F,F,100,Low,Low
972479691,footway,8.593,F,F,100,Low,Low
972817310,footway,40.592,F,F,100,Low,Low
978435367,pedestrian,117.013,F,F,100,Low,Low
978435368,pedestrian,69.815,F,F,100,Low,Low
978435369,pedestrian,111.62,F,F,100,Low,Low
978435370,pedestrian,21.227,F,F,100,Low,Low
978435371,pedestrian,54.225,F,F,100,Low,Low
978435372,pedestrian,72.785,F,F,100,Low,Low
978435373,pedestrian,36.678,F,F,100,Low,Low
978435374,pedestrian,57.303,F,F,100,Low,Low
978435375,pedestrian,71.796,F,F,100,Low,Low
978435376,pedestrian,52.644,F,F,100,Low,Low
986707974,secondary,36.734,F,F,100,Low,Low
986767346,pedestrian,10.76,F,F,100,Low,Low
986767347,pedestrian,57.312,F,F,100,Low,Low
993562706,footway,13.73,F,F,100,Low,Low
993562707,steps,3.359,F,F,100,Low,Low
993856175,pedestrian,71.311,F,F,100,Low,Low
998474741,living_street,17.593,F,F,100,Low,Low
998474744,residential,67.934,F,F,100,Low,Low
1000331060,path,40.22,F,F,100,Low,Low
1004301264,unclassified,100.063,F,F,100,Low,Low
1004308110,service,4.32,F,F,100,Low,Low
1025012156,footway,2.636,F,F,100,Low,Low
1031454500,unclassified,294.774,T,F,100,Low,Low
1036528807,pedestrian,21.311,F,F,100,Low,Low
1036528818,service,3.442,F,F,100,Low,Low
1081937939,residential,72.051,F,F,100,Low,Low
1088534281,footway,14.459,F,T,100,Low,Low
1097890811,footway,10.21,F,F,100,Low,Low
1097890812,footway,10.988,F,F,100,Low,Low
1097890813,footway,5.611,F,F,100,Low,Low
1098459392,unclassified,59.205,F,F,100,Low,Low
1098459393,tertiary,19.988,F,F,100,Low,Low
1101507159,residential,30.985,F,F,100,Low,Low
1105063902,residential,51.342,F,F,100,Low,Low
1135455323,tertiary,8.168,F,F,100,Low,Low
1135455333,tertiary,8.406,F,F,100,Low,Low
1161169675,footway,7.062,F,F,100,Low,Low
1161169676,footway,2.581,F,F,100,Low,Low
1169133426,service,235.338,F,F,100,Low,Low
1175913224,pedestrian,91.511,F,F,100,Low,Low
1175913225,footway,7.485,F,T,100,Low,Low
1175913226,footway,4.928,F,F,100,Low,Low
1177849551,pedestrian,41.842,F,F,100,Low,Low
1177849552,pedestrian,36.05,F,F,100,Low,Low
1177849553,pedestrian,36.852,F,F,100,Low,Low
1177849555,pedestrian,30.837,F,F,100,Low,Low
1177849556,pedestrian,24.255,F,F,100,Low,Low
1177849557,pedestrian,59.742,F,F,100,Low,Low
1177849558,pedestrian,11.574,F,F,100,Low,Low
1177849559,pedestrian,16.384,F,F,100,Low,Low
1177849560,pedestrian,60.552,F,F,100,Low,Low
1182002699,footway,6.739,F,F,100,Low,Low
1182002705,footway,7.054,F,F,100,Low,Low
1182002746,footway,26.307,F,F,100,Low,Low
1182002811,footway,41.204,F,F,100,Low,Low
1182002814,footway,6.015,F,F,100,Low,Low
1182002825,footway,4.427,F,F,100,Low,Low
1182002833,footway,2.972,F,F,100,Low,Low
1182002838,footway,4.036,F,F,100,Low,Low
1191749009,steps,2.961,F,F,100,Low,Low
1191749010,steps,6.165,F,F,100,Low,Low
1197049653,residential,39.445,F,F,100,Low,Low
1197049654,residential,11.543,F,F,100,Low,Low
1201067131,footway,3.158,F,F,100,Low,Low
1201067132,footway,4.363,F,F,100,Low,Low
1201067133,footway,4.49,F,F,100,Low,Low
1201067134,footway,3.479,F,F,100,Low,Low
1201067135,pedestrian,22.244,F,F,100,Low,Low
1201067136,pedestrian,7.453,F,T,100,Low,Low
1201070597,footway,41.069,F,F,100,Low,Low
1201082553,footway,6.349,F,F,100,Low,Low
1201082557,footway,2.635,F,F,100,Low,Low
1201082558,pedestrian,5.237,F,F,100,Low,Low
1201082559,footway,4.836,F,T,100,Low,Low
1201082561,footway,0.551,F,F,100,Low,Low
1201084479,pedestrian,6.748,F,F,100,Low,Low
1201084480,pedestrian,29.009,F,F,100,Low,Low
1202271620,pedestrian,6.869,F,F,100,Low,Low
1226680710,tertiary,136.876,F,F,100,Low,Low
1226680711,service,24.759,F,F,100,Low,Low
1292502061,footway,6.946,F,F,100,Low,Low
1292502062,footway,6.77,F,F,100,Low,Low
1292502063,pedestrian,145.028,F,F,100,Low,Low
1301573738,secondary,14.721,F,F,100,Low,Low
1301573739,unclassified,11.645,F,F,100,Low,Low
1301573740,unclassified,15.93,F,F,100,Low,Low
1301744575,service,174.652,F,F,100,Low,Low
1301744576,service,7.245,F,F,100,Low,Low
1301744577,service,54.473,F,F,100,Low,Low
1301744578,service,28.404,F,F,100,Low,Low
1307980400,footway,3.915,F,F,100,Low,Low
1309445014,service,46.597,F,F,100,Low,Low
1309445015,service,31.017,F,F,100,Low,Low
1309445016,service,1.55,F,F,100,Low,Low
1313818760,living_street,48.6,F,F,100,Low,Low
1313818761,living_street,23.141,F,F,100,Low,Low
1313864975,service,2.971,F,F,100,Low,Low
1315323745,footway,143.013,F,F,100,Low,Low
1316496540,footway,31.513,F,F,100,Low,Low
1316966061,living_street,8.5,F,F,100,Low,Low
1320445153,footway,10.477,F,F,100,Low,Low
1329159901,residential,27.892,F,F,100,Low,Low
1329159902,footway,5.83,F,F,100,Low,Low
1329159903,footway,4.816,F,F,100,Low,Low
1332853091,footway,5.813,F,F,100,Low,Low
1353004995,footway,6.441,F,F,100,Low,Low
1353004996,footway,20.637,F,F,100,Low,Low
1353004997,pedestrian,30.754,F,F,100,Low,Low
1385283956,service,25.739,F,F,100,Low,Low
1385283957,service,26.032,F,F,100,Low,Low
1385283958,service,25.604,F,T,100,Low,Low
1385283959,service,26.197,F,T,100,Low,Low
1385283960,tertiary,17.44,F,F,100,Low,Low
1385283961,tertiary,68.733,F,F,100,Low,Low
1385283962,service,25.259,F,F,100,Low,Low
1385283963,service,24.711,F,F,100,Low,Low
1385283964,service,26.675,F,T,100,Low,Low
1385283965,service,24.215,F,T,100,Low,Low
